<?xml version="1.0" encoding="UTF-8" standalone="yes"?>
<addon id="repository.rvlad1987" name="RVlad1987 Kodi Add-ons" version="1.0.1" provider-name="rvlad1987">
	<extension point="xbmc.addon.repository" name="RVlad1987 Kodi Add-ons>
		<info compressed="false">https://raw.githubusercontent.com/rvlad1987/repository.rvlad1987.xbmc-addons/master/addons.xml</info>
		<checksum>https://raw.githubusercontent.com/rvlad1987/repository.rvlad1987.xbmc-addons/master/addons.xml.md5</checksum>
		<datadir zip="true">https://raw.githubusercontent.com/rvlad1987/repository.rvlad1987.xbmc-addons/master/repo</datadir>
	</extension>
	<extension point="xbmc.addon.metadata">
		<summary>Дополнения из репозитория rvlad1987</summary>
		<description>Дополнения для Kodi</description>
		<disclaimer>Kodi add-on</disclaimer>
		<platform>all</platform>
	</extension>
</addon>
