<?xml version="1.0" encoding="UTF-8" standalone="yes"?>
<addon id="repository.rvlad1987" name="RVlad1987 Kodi Add-ons" version="2.0.2" provider-name="rvlad1987">
	<extension point="xbmc.addon.repository" name="RVlad1987 Kodi Add-ons">
		<dir minversion="14.0.0">
			<info compressed="false">https://raw.githubusercontent.com/rvlad1987/repository.rvlad1987.xbmc-addons/master/helix/addons.xml</info>
			<checksum>https://raw.githubusercontent.com/rvlad1987/repository.rvlad1987.xbmc-addons/master/helix/addons.xml.md5</checksum>
			<datadir zip="true">https://raw.githubusercontent.com/rvlad1987/repository.rvlad1987.xbmc-addons/master/helix/repo</datadir>
			<hashes>false</hashes>
		</dir>
	</extension>
	<extension point="xbmc.addon.metadata">
		<summary>Дополнения из репозитория rvlad1987</summary>
		<description>Дополнения для Kodi</description>
		<disclaimer>Kodi add-on</disclaimer>
		<platform>all</platform>
		<news>[B]2.0.2[/B][CR]- Kodi 19 Matrix[CR][I]Поддержка нескольких версий Kodi[/I]</news>
	</extension>
</addon>
