﻿<?xml version="1.0" encoding="UTF-8" standalone="yes"?>
<addon id="plugin.video.diafilms"
       name="[COLOR FF00FF00]Диафильмы ([/COLOR][COLOR FFFFF000]diafilmy.su[/COLOR][COLOR FF00FF00])[/COLOR]"
       version="1.0.6"
       provider-name="Silen">
  <requires>
    <import addon="xbmc.python" version="2.1.0"/>
  </requires>
  <extension point="xbmc.python.pluginsource"
             provides="video"
             library="default.py">
    <provides>video</provides>
  </extension>
  <extension point="xbmc.addon.metadata">
    <summary>Диафильмы</summary>
    <description>Диафильмы – возвращение в детство
Окунитесь в Мир Детства, вспомните магию темной комнаты, горячего диапроектора и скрипа прокручивания пленки на следующий кадр,
ваш восторг в ту секунду, когда на стене появляется первый кадр, и начинается сказка… 

</description>
    <platform>all</platform>
  </extension>
</addon>

