<?xml version="1.0" encoding="UTF-8" standalone="yes"?>
<addon id="script.module.metroepg.onenet" name="MetroEPG (OneNet.By)" version="0.0.1" provider-name="Rudnitskii Vlad aka rvlad1987">
    <requires>
        <import addon="xbmc.python" version="2.1.0"/>
    </requires>
    <extension point="xbmc.python.pluginsource" library="default.py">
        <provides>executable</provides>
    </extension>
    <extension point="xbmc.service" library="autostart.py" start="login" />
    <extension point="xbmc.addon.metadata">
    <extension point="xbmc.python.module" library="lib"/>    
        <summary>МетроEPG (OneNet.By)</summary>
        <description>
             МетроEPG - сервис, который позволяет автоматизировать настройку IPTV + EPG для OneNet. Настраиваются основные параметры IPTV Simple Client для получения списка канналов и телепрограммы.
        </description>
        <platform>all</platform>
        <license>GNU GENERAL PUBLIC LICENSE. Version 2, June 1991</license>
        <forum></forum>
        <email>rvlad1987@mail.ru</email>
    </extension>
</addon>
