<?xml version="1.0" encoding="UTF-8" standalone="yes"?>
<addon id="repository.rvlad1987" name="RVlad1987 Kodi Add-ons" version="2.0.0" provider-name="rvlad1987">
	<requires>
		<import addon="xbmc.addon" version="12.0.0"/>
	</requires>
	<extension point="xbmc.addon.repository" name="RVlad1987 Kodi Add-ons">
		<dir minversion="17.0.0">
			<info compressed="false">https://raw.githubusercontent.com/rvlad1987/repository.rvlad1987.xbmc-addons/master/krypton/addons.xml</info>
			<checksum>https://raw.githubusercontent.com/rvlad1987/repository.rvlad1987.xbmc-addons/master/krypton/addons.xml.md5</checksum>
			<datadir zip="true">https://raw.githubusercontent.com/rvlad1987/repository.rvlad1987.xbmc-addons/master/krypton/repo</datadir>
			<hashes>false</hashes>
		</dir>
		<dir minversion="17.9.0">
			<info compressed="false">https://raw.githubusercontent.com/rvlad1987/repository.rvlad1987.xbmc-addons/master/leia/addons.xml</info>
			<checksum>https://raw.githubusercontent.com/rvlad1987/repository.rvlad1987.xbmc-addons/master/leia/addons.xml.md5</checksum>
			<datadir zip="true">https://raw.githubusercontent.com/rvlad1987/repository.rvlad1987.xbmc-addons/master/leia/repo</datadir>
			<hashes>false</hashes>
		</dir>
		<dir minversion="18.0.0">
			<info compressed="false">https://raw.githubusercontent.com/rvlad1987/repository.rvlad1987.xbmc-addons/master/leia/addons.xml</info>
			<checksum>https://raw.githubusercontent.com/rvlad1987/repository.rvlad1987.xbmc-addons/master/leia/addons.xml.md5</checksum>
			<datadir zip="true">https://raw.githubusercontent.com/rvlad1987/repository.rvlad1987.xbmc-addons/master/leia/repo</datadir>
			<hashes>false</hashes>
		</dir>
		<dir minversion="18.9.0">
			<info compressed="false">https://raw.githubusercontent.com/rvlad1987/repository.rvlad1987.xbmc-addons/master/matrix/addons.xml</info>
			<checksum>https://raw.githubusercontent.com/rvlad1987/repository.rvlad1987.xbmc-addons/master/matrix/addons.xml.md5</checksum>
			<datadir zip="true">https://raw.githubusercontent.com/rvlad1987/repository.rvlad1987.xbmc-addons/master/matrix/repo</datadir>
			<hashes>false</hashes>
		</dir>
		<dir minversion="19.0.0">
			<info compressed="false">https://raw.githubusercontent.com/rvlad1987/repository.rvlad1987.xbmc-addons/master/matrix/addons.xml</info>
			<checksum>https://raw.githubusercontent.com/rvlad1987/repository.rvlad1987.xbmc-addons/master/matrix/addons.xml.md5</checksum>
			<datadir zip="true">https://raw.githubusercontent.com/rvlad1987/repository.rvlad1987.xbmc-addons/master/matrix/repo</datadir>
			<hashes>false</hashes>
		</dir>
	</extension>
	<extension point="xbmc.addon.metadata">
		<summary>Дополнения из репозитория rvlad1987</summary>
		<description>Дополнения для Kodi</description>
		<disclaimer>Kodi add-on</disclaimer>
		<platform>all</platform>
		<news>[B]2.0.0[/B][CR]- Kodi 19 Matrix[CR][I]Поддержка нескольких версий Kodi[/I]</news>
	</extension>
</addon>
